day,close
2016-04-25,208.610000610352
2016-04-26,208.919998168945
2016-04-27,209.350006103516
2016-04-28,207.449996948242
2016-04-29,206.330001831055
2016-05-02,207.970001220703
2016-05-03,206.160003662109
2016-05-04,205.009994506836
2016-05-05,204.970001220703
2016-05-06,205.720001220703
2016-05-09,205.889999389648
2016-05-10,208.449996948242
2016-05-11,206.5
2016-05-12,206.559997558594
2016-05-13,204.759994506836
2016-05-16,206.779998779297
2016-05-17,204.850006103516
2016-05-18,204.910003662109
2016-05-19,204.199996948242
2016-05-20,205.490005493164
2016-05-23,205.210006713867
2016-05-24,207.869995117188
2016-05-25,209.279998779297
2016-05-26,209.339996337891
2016-05-27,210.240005493164
2016-05-31,209.839996337891
2016-06-01,210.270004272461
2016-06-02,210.910003662109
2016-06-03,210.279998779297
2016-06-06,211.350006103516
2016-06-07,211.679992675781
2016-06-08,212.369995117188
2016-06-09,212.080001831055
2016-06-10,210.070007324219
2016-06-13,208.449996948242
2016-06-14,208.039993286133
2016-06-15,207.75
2016-06-16,208.369995117188
2016-06-17,206.520004272461
2016-06-20,207.850006103516
2016-06-21,208.440002441406
2016-06-22,208.100006103516
2016-06-23,210.809997558594
2016-06-24,203.240005493164
2016-06-27,199.600006103516
2016-06-28,203.199996948242
2016-06-29,206.660003662109
2016-06-30,209.479995727539
2016-07-01,209.919998168945
2016-07-05,208.410003662109
2016-07-06,209.660003662109
2016-07-07,209.529998779297
2016-07-08,212.649993896484
2016-07-11,213.399993896484
2016-07-12,214.949996948242
2016-07-13,214.919998168945
2016-07-14,216.119995117188
2016-07-15,215.830001831055
2016-07-18,216.410003662109
2016-07-19,216.190002441406
2016-07-20,217.089996337891
2016-07-21,216.270004272461
2016-07-22,217.240005493164
2016-07-25,216.649993896484
2016-07-26,216.75
2016-07-27,216.520004272461
2016-07-28,216.770004272461
2016-07-29,217.119995117188
2016-08-01,216.940002441406
2016-08-02,215.550003051758
2016-08-03,216.179992675781
2016-08-04,216.410003662109
2016-08-05,218.179992675781
2016-08-08,218.050003051758
2016-08-09,218.179992675781
2016-08-10,217.639999389648
2016-08-11,218.649993896484
2016-08-12,218.460006713867
2016-08-15,219.089996337891
2016-08-16,217.960006713867
2016-08-17,218.369995117188
2016-08-18,218.860000610352
2016-08-19,218.539993286133
2016-08-22,218.529998779297
2016-08-23,218.970001220703
2016-08-24,217.850006103516
2016-08-25,217.699996948242
2016-08-26,217.289993286133
2016-08-29,218.360000610352
2016-08-30,218
2016-08-31,217.380004882813
2016-09-01,217.389999389648
2016-09-02,218.369995117188
2016-09-06,219.029998779297
2016-09-07,219.009994506836
2016-09-08,218.509994506836
2016-09-09,213.279998779297
2016-09-12,216.339996337891
2016-09-13,213.229995727539
2016-09-14,213.149993896484
2016-09-15,215.279998779297
2016-09-16,213.369995117188
2016-09-19,213.410003662109
2016-09-20,213.419998168945
2016-09-21,215.820007324219
2016-09-22,217.179992675781
2016-09-23,215.990005493164
2016-09-26,214.240005493164
2016-09-27,215.570007324219
2016-09-28,216.639999389648
2016-09-29,214.679992675781
2016-09-30,216.300003051758
2016-10-03,215.779998779297
2016-10-04,214.679992675781
2016-10-05,215.630004882813
2016-10-06,215.779998779297
2016-10-07,215.039993286133
2016-10-10,216.160003662109
2016-10-11,213.429992675781
2016-10-12,213.710006713867
2016-10-13,213.009994506836
2016-10-14,213.119995117188
2016-10-17,212.380004882813
2016-10-18,213.710006713867
2016-10-19,214.279998779297
2016-10-20,213.880004882813
2016-10-21,213.979995727539
2016-10-24,214.889999389648
2016-10-25,214.169998168945
2016-10-26,213.740005493164
2016-10-27,213.169998168945
2016-10-28,212.539993286133
2016-10-31,212.550003051758
2016-11-01,211.009994506836
2016-11-02,209.740005493164
2016-11-03,208.779998779297
2016-11-04,208.550003051758
2016-11-07,213.149993896484
2016-11-08,214.110000610352
2016-11-09,216.380004882813
2016-11-10,216.919998168945
2016-11-11,216.419998168945
2016-11-14,216.589996337891
2016-11-15,218.279998779297
2016-11-16,217.869995117188
2016-11-17,218.990005493164
2016-11-18,218.5
2016-11-21,220.149993896484
2016-11-22,220.580001831055
2016-11-23,220.699996948242
2016-11-25,221.520004272461
2016-11-28,220.479995727539
2016-11-29,220.910003662109
2016-11-30,220.380004882813
2016-12-01,219.570007324219
2016-12-02,219.679992675781
2016-12-05,221
2016-12-06,221.699996948242
2016-12-07,224.600006103516
2016-12-08,225.149993896484
2016-12-09,226.509994506836
2016-12-12,226.25
2016-12-13,227.759994506836
2016-12-14,225.880004882813
2016-12-15,226.809997558594
2016-12-16,225.039993286133
2016-12-19,225.529998779297
2016-12-20,226.399993896484
2016-12-21,225.770004272461
2016-12-22,225.380004882813
2016-12-23,225.710006713867
2016-12-27,226.270004272461
2016-12-28,224.399993896484
2016-12-29,224.350006103516
2016-12-30,223.529998779297
2017-01-03,225.240005493164
2017-01-04,226.580001831055
2017-01-05,226.399993896484
2017-01-06,227.210006713867
2017-01-09,226.460006713867
2017-01-10,226.460006713867
2017-01-11,227.100006103516
2017-01-12,226.529998779297
2017-01-13,227.050003051758
2017-01-17,226.25
2017-01-18,226.75
2017-01-19,225.910003662109
2017-01-20,226.740005493164
2017-01-23,226.149993896484
2017-01-24,227.600006103516
2017-01-25,229.570007324219
2017-01-26,229.330001831055
2017-01-27,228.970001220703
2017-01-30,227.550003051758
2017-01-31,227.529998779297
2017-02-01,227.619995117188
2017-02-02,227.770004272461
2017-02-03,229.339996337891
2017-02-06,228.929992675781
2017-02-07,228.940002441406
2017-02-08,229.240005493164
2017-02-09,230.600006103516
2017-02-10,231.509994506836
2017-02-13,232.770004272461
2017-02-14,233.699996948242
2017-02-15,234.919998168945
2017-02-16,234.720001220703
2017-02-17,235.089996337891
2017-02-21,236.490005493164
2017-02-22,236.279998779297
2017-02-23,236.440002441406
2017-02-24,236.740005493164
2017-02-27,237.110000610352
2017-02-28,236.470001220703
2017-03-01,239.779998779297
2017-03-02,238.270004272461
2017-03-03,238.419998168945
2017-03-06,237.710006713867
2017-03-07,237
2017-03-08,236.559997558594
2017-03-09,236.860000610352
2017-03-10,237.690002441406
2017-03-13,237.809997558594
2017-03-14,236.899993896484
2017-03-15,238.949996948242
2017-03-16,238.479995727539
2017-03-17,237.029998779297
2017-03-20,236.770004272461
2017-03-21,233.729995727539
2017-03-22,234.279998779297
2017-03-23,234.029998779297
2017-03-24,233.860000610352
2017-03-27,233.619995117188
2017-03-28,235.320007324219
2017-03-29,235.539993286133
2017-03-30,236.289993286133
2017-03-31,235.740005493164
2017-04-03,235.330001831055
2017-04-04,235.479995727539
2017-04-05,234.779998779297
2017-04-06,235.440002441406
2017-04-07,235.199996948242
2017-04-10,235.339996337891
2017-04-11,235.059997558594
2017-04-12,234.029998779297
2017-04-13,232.509994506836
2017-04-17,234.570007324219
2017-04-18,233.869995117188
2017-04-19,233.440002441406
2017-04-20,235.339996337891
2017-04-21,234.589996337891
2017-04-24,237.169998168945
2017-04-25,238.550003051758
2017-04-26,238.399993896484
2017-04-27,238.600006103516
2017-04-28,238.080001831055
2017-05-01,238.679992675781
2017-05-02,238.770004272461
2017-05-03,238.479995727539
2017-05-04,238.759994506836
2017-05-05,239.699996948242
2017-05-08,239.660003662109
2017-05-09,239.440002441406
2017-05-10,239.869995117188
2017-05-11,239.380004882813
2017-05-12,238.979995727539
2017-05-15,240.300003051758
2017-05-16,240.080001831055
2017-05-17,235.820007324219
2017-05-18,236.770004272461
2017-05-19,238.309997558594
2017-05-22,239.520004272461
2017-05-23,240.050003051758
2017-05-24,240.610000610352
2017-05-25,241.759994506836
2017-05-26,241.710006713867
2017-05-30,241.5
2017-05-31,241.440002441406
2017-06-01,243.360000610352
2017-06-02,244.169998168945
2017-06-05,243.990005493164
2017-06-06,243.210006713867
2017-06-07,243.660003662109
2017-06-08,243.779998779297
2017-06-09,243.410003662109
2017-06-12,243.360000610352
2017-06-13,244.550003051758
2017-06-14,244.240005493164
2017-06-15,243.770004272461
2017-06-16,242.639999389648
2017-06-19,244.660003662109
2017-06-20,243.009994506836
2017-06-21,242.949996948242
2017-06-22,242.839996337891
2017-06-23,243.130004882813
2017-06-26,243.289993286133
2017-06-27,241.330001831055
2017-06-28,243.490005493164
2017-06-29,241.350006103516
2017-06-30,241.800003051758
2017-07-03,242.210006713867
2017-07-05,242.770004272461
2017-07-06,240.550003051758
2017-07-07,242.110000610352
2017-07-10,242.369995117188
2017-07-11,242.190002441406
2017-07-12,244.009994506836
2017-07-13,244.419998168945
2017-07-14,245.559997558594
2017-07-17,245.529998779297
2017-07-18,245.660003662109
2017-07-19,246.990005493164
2017-07-20,247.100006103516
2017-07-21,246.880004882813
2017-07-24,246.820007324219
2017-07-25,247.419998168945
2017-07-26,247.429992675781
2017-07-27,247.199996948242
2017-07-28,246.910003662109
2017-07-31,246.770004272461
2017-08-01,247.320007324219
2017-08-02,247.440002441406
2017-08-03,246.960006713867
2017-08-04,247.410003662109
2017-08-07,247.869995117188
2017-08-08,247.259994506836
2017-08-09,247.25
2017-08-10,243.759994506836
2017-08-11,244.119995117188
2017-08-14,246.539993286133
2017-08-15,246.509994506836
2017-08-16,246.940002441406
2017-08-17,243.089996337891
2017-08-18,242.710006713867
2017-08-21,242.899993896484
2017-08-22,245.440002441406
2017-08-23,244.559997558594
2017-08-24,243.990005493164
2017-08-25,244.559997558594
2017-08-28,244.570007324219
2017-08-29,244.850006103516
2017-08-30,246.009994506836
2017-08-31,247.490005493164
2017-09-01,247.839996337891
2017-09-05,246.059997558594
2017-09-06,246.899993896484
2017-09-07,246.869995117188
2017-09-08,246.580001831055
2017-09-11,249.210006713867
2017-09-12,250.050003051758
2017-09-13,250.169998168945
2017-09-14,250.089996337891
2017-09-15,249.190002441406
2017-09-18,249.720001220703
2017-09-19,249.970001220703
2017-09-20,250.059997558594
2017-09-21,249.389999389648
2017-09-22,249.440002441406
2017-09-25,248.929992675781
2017-09-26,249.080001831055
2017-09-27,250.050003051758
2017-09-28,250.350006103516
2017-09-29,251.229995727539
2017-10-02,252.320007324219
2017-10-03,252.860000610352
2017-10-04,253.160003662109
2017-10-05,254.660003662109
2017-10-06,254.369995117188
2017-10-09,253.949996948242
2017-10-10,254.619995117188
2017-10-11,255.020004272461
2017-10-12,254.639999389648
2017-10-13,254.949996948242
2017-10-16,255.289993286133
2017-10-17,255.470001220703
2017-10-18,255.720001220703
2017-10-19,255.789993286133
2017-10-20,257.109985351563
2017-10-23,256.109985351563
2017-10-24,256.559997558594
2017-10-25,255.289993286133
2017-10-26,255.619995117188
2017-10-27,257.709991455078
2017-10-30,256.75
2017-10-31,257.149993896484
2017-11-01,257.489990234375
2017-11-02,257.589996337891
2017-11-03,258.450012207031
2017-11-06,258.850006103516
2017-11-07,258.670013427734
2017-11-08,259.109985351563
2017-11-09,258.170013427734
2017-11-10,258.089996337891
2017-11-13,258.329986572266
2017-11-14,257.730010986328
2017-11-15,256.440002441406
2017-11-16,258.619995117188
2017-11-17,257.859985351563
2017-11-20,258.299987792969
2017-11-21,259.989990234375
2017-11-22,259.760009765625
2017-11-24,260.359985351563
2017-11-27,260.230010986328
2017-11-28,262.869995117188
2017-11-29,262.709991455078
2017-11-30,265.010009765625
2017-12-01,264.459991455078
2017-12-04,264.140014648438
2017-12-05,263.190002441406
2017-12-06,263.239990234375
2017-12-07,264.070007324219
2017-12-08,265.510009765625
2017-12-11,266.309997558594
2017-12-12,266.779998779297
2017-12-13,266.75
2017-12-14,265.660003662109
2017-12-15,266.510009765625
2017-12-18,268.200012207031
2017-12-19,267.170013427734
2017-12-20,267.029998779297
2017-12-21,267.579986572266
2017-12-22,267.510009765625
2017-12-26,267.190002441406
2017-12-27,267.320007324219
2017-12-28,267.869995117188
2017-12-29,266.859985351563
2018-01-02,268.769989013672
2018-01-03,270.470001220703
2018-01-04,271.609985351563
2018-01-05,273.420013427734
2018-01-08,273.920013427734
2018-01-09,274.540008544922
2018-01-10,274.119995117188
2018-01-11,276.119995117188
2018-01-12,277.920013427734
2018-01-16,276.970001220703
2018-01-17,279.609985351563
2018-01-18,279.140014648438
2018-01-19,280.410003662109
2018-01-22,282.690002441406
2018-01-23,283.290008544922
2018-01-24,283.179992675781
2018-01-25,283.299987792969
2018-01-26,286.579986572266
2018-01-29,284.679992675781
2018-01-30,281.760009765625
2018-01-31,281.899993896484
2018-02-01,281.579986572266
2018-02-02,275.450012207031
2018-02-05,263.929992675781
2018-02-06,269.130004882813
2018-02-07,267.670013427734
2018-02-08,257.630004882813
2018-02-09,261.5
2018-02-12,265.339996337891
2018-02-13,266
2018-02-14,269.589996337891
2018-02-15,273.029998779297
2018-02-16,273.109985351563
2018-02-20,271.399993896484
2018-02-21,270.049987792969
2018-02-22,270.399993896484
2018-02-23,274.709991455078
2018-02-26,277.899993896484
2018-02-27,274.429992675781
2018-02-28,271.649993896484
2018-03-01,267.700012207031
2018-03-02,269.079986572266
2018-03-05,272.190002441406
2018-03-06,272.880004882813
2018-03-07,272.779998779297
2018-03-08,274.100006103516
2018-03-09,278.869995117188
2018-03-12,278.519989013672
2018-03-13,276.720001220703
2018-03-14,275.299987792969
2018-03-15,275
2018-03-16,274.200012207031
2018-03-19,270.489990234375
2018-03-20,270.950012207031
2018-03-21,270.429992675781
2018-03-22,263.670013427734
2018-03-23,258.049987792969
2018-03-26,265.109985351563
2018-03-27,260.600006103516
2018-03-28,259.829986572266
2018-03-29,263.149993896484
2018-04-02,257.470001220703
2018-04-03,260.769989013672
2018-04-04,263.559997558594
2018-04-05,265.640014648438
2018-04-06,259.720001220703
2018-04-09,261
2018-04-10,265.149993896484
2018-04-11,263.760009765625
2018-04-12,265.929992675781
2018-04-13,265.149993896484
2018-04-16,267.329986572266
2018-04-17,270.190002441406
2018-04-18,270.390014648438
2018-04-19,268.890014648438
2018-04-20,266.609985351563
2018-04-23,266.570007324219
2018-04-24,262.980010986328
2018-04-25,263.630004882813
2018-04-26,266.309997558594
2018-04-27,266.559997558594
2018-04-30,264.510009765625
2018-05-01,264.980010986328
2018-05-02,263.200012207031
2018-05-03,262.619995117188
2018-05-04,266.019989013672
2018-05-07,266.920013427734
2018-05-08,266.920013427734
2018-05-09,269.5
2018-05-10,272.019989013672
2018-05-11,272.850006103516
2018-05-14,272.980010986328
2018-05-15,271.100006103516
2018-05-16,272.239990234375
2018-05-17,272.010009765625
2018-05-18,271.329986572266
2018-05-21,273.369995117188
2018-05-22,272.609985351563
2018-05-23,273.359985351563
2018-05-24,272.799987792969
2018-05-25,272.149993896484
2018-05-29,269.019989013672
2018-05-30,272.609985351563
2018-05-31,270.940002441406
2018-06-01,273.600006103516
2018-06-04,274.899993896484
2018-06-05,275.100006103516
2018-06-06,277.399993896484
2018-06-07,277.369995117188
2018-06-08,278.190002441406
2018-06-11,278.559997558594
2018-06-12,278.920013427734
2018-06-13,278.029998779297
2018-06-14,278.730010986328
2018-06-15,277.130004882813
2018-06-18,276.559997558594
2018-06-19,275.5
2018-06-20,275.970001220703
2018-06-21,274.239990234375
2018-06-22,274.739990234375
2018-06-25,271
2018-06-26,271.600006103516
2018-06-27,269.350006103516
2018-06-28,270.890014648438
2018-06-29,271.279998779297
2018-07-02,271.859985351563
2018-07-03,270.899993896484
2018-07-05,273.109985351563
2018-07-06,275.420013427734
2018-07-09,277.899993896484
2018-07-10,278.899993896484
2018-07-11,276.859985351563
2018-07-12,279.369995117188
2018-07-13,279.589996337891
2018-07-16,279.339996337891
2018-07-17,280.470001220703
2018-07-18,281.059997558594
2018-07-19,280
2018-07-20,279.679992675781
2018-07-23,280.200012207031
2018-07-24,281.609985351563
2018-07-25,284.010009765625
2018-07-26,283.339996337891
2018-07-27,281.420013427734
2018-07-30,279.950012207031
2018-07-31,281.329986572266
2018-08-01,280.859985351563
2018-08-02,282.390014648438
2018-08-03,283.600006103516
2018-08-06,284.640014648438
2018-08-07,285.579986572266
2018-08-08,285.459991455078
2018-08-09,285.070007324219
2018-08-10,283.160003662109
2018-08-13,282.100006103516
2018-08-14,283.899993896484
2018-08-15,281.779998779297
2018-08-16,284.059997558594
2018-08-17,285.059997558594
2018-08-20,285.670013427734
2018-08-21,286.339996337891
2018-08-22,286.170013427734
2018-08-23,285.790008544922
2018-08-24,287.510009765625
2018-08-27,289.779998779297
2018-08-28,289.920013427734
2018-08-29,291.480010986328
2018-08-30,290.299987792969
2018-08-31,290.309997558594
2018-09-04,289.809997558594
2018-09-05,289.029998779297
2018-09-06,288.160003662109
2018-09-07,287.600006103516
2018-09-10,288.100006103516
2018-09-11,289.049987792969
2018-09-12,289.119995117188
2018-09-13,290.829986572266
2018-09-14,290.880004882813
2018-09-17,289.339996337891
2018-09-18,290.910003662109
2018-09-19,291.220001220703
2018-09-20,293.579986572266
2018-09-21,291.989990234375
2018-09-24,291.019989013672
2018-09-25,290.75
2018-09-26,289.880004882813
2018-09-27,290.690002441406
2018-09-28,290.720001220703
2018-10-01,291.730010986328
2018-10-02,291.559997558594
2018-10-03,291.720001220703
2018-10-04,289.440002441406
2018-10-05,287.820007324219
2018-10-08,287.820007324219
2018-10-09,287.399993896484
2018-10-10,278.299987792969
2018-10-11,272.170013427734
2018-10-12,275.950012207031
2018-10-15,274.399993896484
2018-10-16,280.399993896484
2018-10-17,280.450012207031
2018-10-18,276.399993896484
2018-10-19,276.25
2018-10-22,275.010009765625
2018-10-23,273.609985351563
2018-10-24,265.320007324219
2018-10-25,270.079986572266
2018-10-26,265.329986572266
2018-10-29,263.859985351563
2018-10-30,267.769989013672
2018-10-31,270.630004882813
2018-11-01,273.510009765625
2018-11-02,271.890014648438
2018-11-05,273.390014648438
2018-11-06,275.119995117188
2018-11-07,281.010009765625
2018-11-08,280.5
2018-11-09,277.760009765625
2018-11-12,272.570007324219
2018-11-13,272.059997558594
2018-11-14,270.200012207031
2018-11-15,273.019989013672
2018-11-16,273.730010986328
2018-11-19,269.100006103516
2018-11-20,264.119995117188
2018-11-21,265.019989013672
2018-11-23,263.25
2018-11-26,267.5
2018-11-27,268.399993896484
2018-11-28,274.579986572266
2018-11-29,273.980010986328
2018-11-30,275.649993896484
2018-12-03,279.299987792969
2018-12-04,270.25
2018-12-06,269.839996337891
2018-12-07,263.570007324219
2018-12-10,264.070007324219
2018-12-11,264.130004882813
2018-12-12,265.459991455078
2018-12-13,265.369995117188
2018-12-14,260.470001220703
2018-12-17,255.360000610352
2018-12-18,255.080001831055
2018-12-19,251.259994506836
2018-12-20,247.169998168945
2018-12-21,240.699996948242
2018-12-24,234.339996337891
2018-12-26,246.179992675781
2018-12-27,248.070007324219
2018-12-28,247.75
2018-12-31,249.919998168945
2019-01-02,250.179992675781
2019-01-03,244.210006713867
2019-01-04,252.389999389648
2019-01-07,254.380004882813
2019-01-08,256.769989013672
2019-01-09,257.970001220703
2019-01-10,258.880004882813
2019-01-11,258.980010986328
2019-01-14,257.399993896484
2019-01-15,260.350006103516
2019-01-16,260.980010986328
2019-01-17,262.959991455078
2019-01-18,266.459991455078
2019-01-22,262.859985351563
2019-01-23,263.410003662109
2019-01-24,263.549987792969
2019-01-25,265.779998779297
2019-01-28,263.760009765625
2019-01-29,263.410003662109
2019-01-30,267.579986572266
2019-01-31,269.929992675781
2019-02-01,270.059997558594
2019-02-04,271.959991455078
2019-02-05,273.100006103516
2019-02-06,272.739990234375
2019-02-07,270.140014648438
2019-02-08,270.470001220703
2019-02-11,270.619995117188
2019-02-12,274.100006103516
2019-02-13,274.989990234375
2019-02-14,274.380004882813
2019-02-15,277.369995117188
2019-02-19,277.850006103516
2019-02-20,278.410003662109
2019-02-21,277.420013427734
2019-02-22,279.140014648438
2019-02-25,279.519989013672
2019-02-26,279.320007324219
2019-02-27,279.200012207031
2019-02-28,278.679992675781
2019-03-01,280.420013427734
2019-03-04,279.399993896484
2019-03-05,279.019989013672
2019-03-06,277.329986572266
2019-03-07,275.010009765625
2019-03-08,274.459991455078
2019-03-11,278.440002441406
2019-03-12,279.489990234375
2019-03-13,281.339996337891
2019-03-14,281.160003662109
2019-03-15,281.309997558594
2019-03-18,282.329986572266
2019-03-19,282.399993896484
2019-03-20,281.549987792969
2019-03-21,284.730010986328
2019-03-22,279.25
2019-03-25,279.040008544922
2019-03-26,281.119995117188
2019-03-27,279.649993896484
2019-03-28,280.709991455078
2019-03-29,282.480010986328
2019-04-01,285.829986572266
2019-04-02,285.970001220703
2019-04-03,286.420013427734
2019-04-04,287.179992675781
2019-04-05,288.570007324219
2019-04-08,288.790008544922
2019-04-09,287.309997558594
2019-04-10,288.290008544922
2019-04-11,288.209991455078
2019-04-12,290.160003662109
2019-04-15,289.970001220703
2019-04-16,290.160003662109
2019-04-17,289.450012207031
2019-04-18,290.019989013672
2019-04-22,290.269989013672
2019-04-23,292.880004882813
2019-04-24,292.230010986328
2019-04-25,292.049987792969
2019-04-26,293.410003662109
2019-04-29,293.869995117188
2019-04-30,294.019989013672
2019-05-01,291.809997558594
2019-05-02,291.179992675781
2019-05-03,294.029998779297
2019-05-06,292.820007324219
2019-05-07,287.929992675781
2019-05-08,287.529998779297
2019-05-09,286.660003662109
2019-05-10,288.100006103516
2019-05-13,280.859985351563
2019-05-14,283.399993896484
2019-05-15,285.059997558594
2019-05-16,287.700012207031
2019-05-17,285.839996337891
2019-05-20,283.950012207031
2019-05-21,286.510009765625
2019-05-22,285.630004882813
2019-05-23,282.140014648438
2019-05-24,282.779998779297
2019-05-28,280.149993896484
2019-05-29,278.269989013672
2019-05-30,279.029998779297
2019-05-31,275.269989013672
2019-06-03,274.570007324219
2019-06-04,280.529998779297
2019-06-05,282.959991455078
2019-06-06,284.799987792969
2019-06-07,287.649993896484
2019-06-10,288.970001220703
2019-06-11,288.899993896484
2019-06-12,288.390014648438
2019-06-13,289.579986572266
2019-06-14,289.260009765625
2019-06-17,289.369995117188
2019-06-18,292.399993896484
2019-06-19,293.059997558594
2019-06-20,295.859985351563
2019-06-21,294
2019-06-24,293.640014648438
2019-06-25,290.760009765625
2019-06-26,290.470001220703
2019-06-27,291.5
2019-06-28,293
2019-07-01,295.660003662109
2019-07-02,296.429992675781
2019-07-03,298.799987792969
2019-07-05,298.459991455078
2019-07-08,296.820007324219
2019-07-09,297.190002441406
2019-07-10,298.609985351563
2019-07-11,299.309997558594
2019-07-12,300.649993896484
2019-07-15,300.75
2019-07-16,299.779998779297
2019-07-17,297.739990234375
2019-07-18,298.829986572266
2019-07-19,297.170013427734
2019-07-22,297.899993896484
2019-07-23,300.029998779297
2019-07-24,301.440002441406
2019-07-25,300
2019-07-26,302.010009765625
2019-07-29,301.459991455078
2019-07-30,300.720001220703
2019-07-31,297.429992675781
2019-08-01,294.839996337891
2019-08-02,292.619995117188
2019-08-05,283.820007324219
2019-08-06,287.799987792969
2019-08-07,287.970001220703
2019-08-08,293.619995117188
2019-08-09,291.619995117188
2019-08-12,288.070007324219
2019-08-13,292.549987792969
2019-08-14,283.899993896484
2019-08-15,284.649993896484
2019-08-16,288.850006103516
2019-08-19,292.329986572266
2019-08-20,290.089996337891
2019-08-21,292.450012207031
2019-08-22,292.359985351563
2019-08-23,284.850006103516
2019-08-26,288
2019-08-27,286.869995117188
2019-08-28,288.890014648438
2019-08-29,292.579986572266
2019-08-30,292.450012207031
2019-09-03,290.739990234375
2019-09-04,294.040008544922
2019-09-05,297.820007324219
2019-09-06,298.049987792969
2019-09-09,298.200012207031
2019-09-10,298.130004882813
2019-09-11,300.25
2019-09-12,301.290008544922
2019-09-13,301.089996337891
2019-09-16,300.160003662109
2019-09-17,300.920013427734
2019-09-18,301.100006103516
2019-09-19,301.079986572266
2019-09-20,298.279998779297
2019-09-23,298.209991455078
2019-09-24,295.869995117188
2019-09-25,297.619995117188
2019-09-26,297
2019-09-27,295.399993896484
2019-09-30,296.769989013672
2019-10-01,293.239990234375
2019-10-02,288.059997558594
2019-10-03,290.420013427734
2019-10-04,294.350006103516
2019-10-07,293.079986572266
2019-10-08,288.529998779297
2019-10-09,291.269989013672
2019-10-10,293.239990234375
2019-10-11,296.279998779297
2019-10-14,295.950012207031
2019-10-15,298.880004882813
2019-10-16,298.399993896484
2019-10-17,299.279998779297
2019-10-18,297.970001220703
2019-10-21,299.989990234375
2019-10-22,299.010009765625
2019-10-23,299.880004882813
2019-10-24,300.369995117188
2019-10-25,301.600006103516
2019-10-28,303.299987792969
2019-10-29,303.209991455078
2019-10-30,304.140014648438
2019-10-31,303.329986572266
2019-11-01,306.140014648438
2019-11-04,307.369995117188
2019-11-05,307.029998779297
2019-11-06,307.100006103516
2019-11-07,308.179992675781
2019-11-08,308.940002441406
2019-11-11,308.350006103516
2019-11-12,309
2019-11-13,309.100006103516
2019-11-14,309.549987792969
2019-11-15,311.790008544922
2019-11-18,312.019989013672
2019-11-19,311.929992675781
2019-11-20,310.769989013672
2019-11-21,310.269989013672
2019-11-22,310.959991455078
2019-11-25,313.369995117188
2019-11-26,314.079986572266
2019-11-27,315.480010986328
2019-11-29,314.309997558594
2019-12-02,311.640014648438
2019-12-03,309.549987792969
2019-12-04,311.459991455078
2019-12-05,312.019989013672
2019-12-06,314.869995117188
2019-12-09,313.880004882813
2019-12-10,313.529998779297
2019-12-11,314.420013427734
2019-12-12,317.130004882813
2019-12-13,317.320007324219
2019-12-16,319.5
2019-12-17,319.570007324219
2019-12-18,319.589996337891
2019-12-19,320.899993896484
2019-12-20,320.730010986328
2019-12-23,321.220001220703
2019-12-24,321.230010986328
2019-12-26,322.940002441406
2019-12-27,322.859985351563
2019-12-30,321.079986572266
2019-12-31,321.859985351563
2020-01-02,324.869995117188
2020-01-03,322.410003662109
2020-01-06,323.640014648438
2020-01-07,322.730010986328
2020-01-08,324.450012207031
2020-01-09,326.649993896484
2020-01-10,325.709991455078
2020-01-13,327.950012207031
2020-01-14,327.450012207031
2020-01-15,328.190002441406
2020-01-16,330.920013427734
2020-01-17,331.950012207031
2020-01-21,331.299987792969
2020-01-22,331.339996337891
2020-01-23,331.720001220703
2020-01-24,328.769989013672
2020-01-27,323.5
2020-01-28,326.890014648438
2020-01-29,326.619995117188
2020-01-30,327.679992675781
2020-01-31,321.730010986328
2020-02-03,324.119995117188
2020-02-04,329.059997558594
2020-02-05,332.859985351563
2020-02-06,333.980010986328
2020-02-07,332.200012207031
2020-02-10,334.679992675781
2020-02-11,335.260009765625
2020-02-12,337.420013427734
2020-02-13,337.059997558594
2020-02-14,337.600006103516
2020-02-18,336.730010986328
2020-02-19,338.339996337891
2020-02-20,336.950012207031
2020-02-21,333.480010986328
2020-02-24,322.420013427734
2020-02-25,312.649993896484
2020-02-26,311.5
2020-02-27,297.510009765625
2020-02-28,296.260009765625
2020-03-02,309.089996337891
2020-03-03,300.239990234375
2020-03-04,312.859985351563
2020-03-05,302.459991455078
2020-03-06,297.459991455078
2020-03-09,274.230010986328
2020-03-10,288.420013427734
2020-03-11,274.359985351563
2020-03-12,248.110000610352
2020-03-13,269.320007324219
2020-03-16,239.850006103516
2020-03-17,252.800003051758
2020-03-18,240
2020-03-19,240.509994506836
2020-03-20,228.800003051758
2020-03-23,222.949996948242
2020-03-24,243.149993896484
2020-03-25,246.789993286133
2020-03-26,261.200012207031
2020-03-27,253.419998168945
2020-03-30,261.649993896484
2020-03-31,257.75
2020-04-01,246.149993896484
2020-04-02,251.830001831055
2020-04-03,248.190002441406
2020-04-06,264.859985351563
2020-04-07,265.130004882813
2020-04-08,274.029998779297
2020-04-09,278.200012207031
2020-04-13,275.660003662109
2020-04-14,283.790008544922
2020-04-15,277.760009765625
2020-04-16,279.100006103516
2020-04-17,286.640014648438
2020-04-20,281.589996337891
2020-04-21,273.040008544922
2020-04-22,279.100006103516
2020-04-23,279.079986572266
2020-04-24,282.970001220703
2020-04-27,287.049987792969
2020-04-28,285.730010986328
2020-04-29,293.209991455078
2020-04-30,290.480010986328
2020-05-01,282.790008544922
2020-05-04,283.570007324219
2020-05-05,286.190002441406
2020-05-06,284.25
2020-05-07,287.679992675781
2020-05-08,292.440002441406
2020-05-11,292.5
2020-05-12,286.670013427734
2020-05-13,281.600006103516
2020-05-14,284.970001220703
2020-05-15,286.279998779297
2020-05-18,295
2020-05-19,291.970001220703
2020-05-20,296.929992675781
2020-05-21,294.880004882813
2020-05-22,295.440002441406
2020-05-26,299.079986572266
2020-05-27,303.529998779297
2020-05-28,302.970001220703
2020-05-29,304.320007324219
2020-06-01,305.549987792969
2020-06-02,308.079986572266
2020-06-03,312.179992675781
2020-06-04,311.359985351563
2020-06-05,319.339996337891
2020-06-08,323.200012207031
2020-06-09,320.790008544922
2020-06-10,319
2020-06-11,300.609985351563
2020-06-12,304.209991455078
2020-06-15,307.049987792969
2020-06-16,312.959991455078
2020-06-17,311.660003662109
2020-06-18,311.779998779297
2020-06-19,308.640014648438
2020-06-22,310.619995117188
2020-06-23,312.049987792969
2020-06-24,304.089996337891
2020-06-25,307.350006103516
2020-06-26,300.049987792969
2020-06-29,304.459991455078
2020-06-30,308.359985351563
2020-07-01,310.519989013672
2020-07-02,312.230010986328
2020-07-06,317.049987792969
2020-07-07,313.779998779297
2020-07-08,316.179992675781
2020-07-09,314.380004882813
2020-07-10,317.589996337891
2020-07-13,314.839996337891
2020-07-14,318.920013427734
2020-07-15,321.850006103516
2020-07-16,320.790008544922
2020-07-17,321.720001220703
2020-07-20,324.320007324219
2020-07-21,325.010009765625
2020-07-22,326.859985351563
2020-07-23,322.959991455078
2020-07-24,320.880004882813
2020-07-27,323.220001220703
2020-07-28,321.170013427734
2020-07-29,325.119995117188
2020-07-30,323.959991455078
2020-07-31,326.519989013672
2020-08-03,328.790008544922
2020-08-04,330.059997558594
2020-08-05,332.109985351563
2020-08-06,334.329986572266
2020-08-07,334.570007324219
2020-08-10,335.570007324219
2020-08-11,332.799987792969
2020-08-12,337.440002441406
2020-08-13,336.829986572266
2020-08-14,336.839996337891
2020-08-17,337.910003662109
2020-08-18,338.640014648438
2020-08-19,337.230010986328
2020-08-20,338.279998779297
2020-08-21,339.480010986328
2020-08-24,342.920013427734
2020-08-25,344.119995117188
2020-08-26,347.570007324219
2020-08-27,348.329986572266
2020-08-28,350.579986572266
2020-08-31,349.309997558594
2020-09-01,352.600006103516
2020-09-02,357.700012207031
2020-09-03,345.390014648438
2020-09-04,342.570007324219
2020-09-08,333.209991455078
2020-09-09,339.790008544922
2020-09-10,333.890014648438
2020-09-11,334.059997558594
2020-09-14,338.459991455078
2020-09-15,340.170013427734
2020-09-16,338.820007324219
2020-09-17,335.839996337891
2020-09-18,330.649993896484
2020-09-21,326.970001220703
2020-09-22,330.299987792969
2020-09-23,322.640014648438
2020-09-24,323.5
2020-09-25,328.730010986328
2020-09-28,334.190002441406
2020-09-29,332.369995117188
2020-09-30,334.890014648438
2020-10-01,337.040008544922
2020-10-02,333.839996337891
2020-10-05,339.760009765625
2020-10-06,334.929992675781
2020-10-07,340.760009765625
2020-10-08,343.779998779297
2020-10-09,346.850006103516
2020-10-12,352.429992675781
2020-10-13,350.130004882813
2020-10-14,347.929992675781
2020-10-15,347.5
2020-10-16,347.290008544922
2020-10-19,342.010009765625
2020-10-20,343.380004882813
2020-10-21,342.730010986328
2020-10-22,344.609985351563
2020-10-23,345.779998779297
2020-10-26,339.390014648438
2020-10-27,338.220001220703
2020-10-28,326.660003662109
2020-10-29,329.980010986328
2020-10-30,326.540008544922
2020-11-02,330.200012207031
2020-11-03,336.029998779297
2020-11-04,343.540008544922
2020-11-05,350.239990234375
2020-11-06,350.160003662109
2020-11-09,354.559997558594
2020-11-10,354.040008544922
2020-11-11,356.670013427734
2020-11-12,353.209991455078
2020-11-13,358.100006103516
2020-11-16,362.570007324219
2020-11-17,360.619995117188
2020-11-18,356.279998779297
2020-11-19,357.779998779297
2020-11-20,355.329986572266
2020-11-23,357.459991455078
2020-11-24,363.220001220703
2020-11-25,362.660003662109
2020-11-27,363.670013427734
2020-11-30,362.059997558594
2020-12-01,366.019989013672
2020-12-02,366.790008544922
2020-12-03,366.690002441406
2020-12-04,369.850006103516
2020-12-07,369.089996337891
2020-12-08,370.170013427734
2020-12-09,366.850006103516
2020-12-10,366.730010986328
2020-12-11,366.299987792969
2020-12-14,364.660003662109
2020-12-15,369.589996337891
2020-12-16,370.170013427734
2020-12-17,372.239990234375
2020-12-18,369.179992675781
2020-12-21,367.859985351563
2020-12-22,367.239990234375
2020-12-23,367.570007324219
2020-12-24,369
2020-12-28,372.170013427734
2020-12-29,371.459991455078
2020-12-30,371.989990234375
2020-12-31,373.880004882813
2021-01-04,368.790008544922
2021-01-05,371.329986572266
2021-01-06,373.549987792969
2021-01-07,379.100006103516
2021-01-08,381.260009765625
2021-01-11,378.690002441406
2021-01-12,378.769989013672
2021-01-13,379.790008544922
2021-01-14,378.459991455078
2021-01-15,375.700012207031
2021-01-19,378.649993896484
2021-01-20,383.890014648438
2021-01-21,384.239990234375
2021-01-22,382.880004882813
2021-01-25,384.390014648438
2021-01-26,383.790008544922
2021-01-27,374.410003662109
2021-01-28,377.630004882813
2021-01-29,370.070007324219
2021-02-01,376.230010986328
2021-02-02,381.549987792969
2021-02-03,381.850006103516
2021-02-04,386.190002441406
2021-02-05,387.709991455078
2021-02-08,390.510009765625
2021-02-09,390.25
2021-02-10,390.079986572266
2021-02-11,390.709991455078
2021-02-12,392.640014648438
2021-02-16,392.299987792969
2021-02-17,392.390014648438
2021-02-18,390.720001220703
2021-02-19,390.029998779297
2021-02-22,387.029998779297
2021-02-23,387.5
2021-02-24,391.769989013672
2021-02-25,382.329986572266
2021-02-26,380.359985351563
2021-03-01,389.579986572266
2021-03-02,386.540008544922
2021-03-03,381.420013427734
2021-03-04,376.700012207031
2021-03-05,383.630004882813
2021-03-08,381.720001220703
2021-03-09,387.170013427734
2021-03-10,389.579986572266
2021-03-11,393.529998779297
2021-03-12,394.059997558594
2021-03-15,396.410003662109
2021-03-16,395.910003662109
2021-03-17,397.260009765625
2021-03-18,391.480010986328
2021-03-19,389.480010986328
2021-03-22,392.589996337891
2021-03-23,389.5
2021-03-24,387.519989013672
2021-03-25,389.700012207031
2021-03-26,395.980010986328
2021-03-29,395.779998779297
2021-03-30,394.730010986328
2021-03-31,396.329986572266
2021-04-01,400.609985351563
2021-04-05,406.359985351563
2021-04-06,406.119995117188
2021-04-07,406.589996337891
2021-04-08,408.519989013672
2021-04-09,411.489990234375
2021-04-12,411.640014648438
2021-04-13,412.859985351563
2021-04-14,411.450012207031
2021-04-15,415.869995117188
2021-04-16,417.260009765625
2021-04-19,415.209991455078
2021-04-20,412.170013427734
2021-04-21,416.070007324219
2021-04-22,412.269989013672
2021-04-23,416.739990234375
2021-04-26,417.609985351563
2021-04-27,417.519989013672
2021-04-28,417.399993896484
2021-04-29,420.059997558594
2021-04-30,417.299987792969
2021-05-03,418.200012207031
2021-05-04,415.619995117188
2021-05-05,415.75
2021-05-06,419.070007324219
2021-05-07,422.119995117188
2021-05-10,417.940002441406
2021-05-11,414.209991455078
2021-05-12,405.410003662109
2021-05-13,410.279998779297
2021-05-14,416.579986572266
2021-05-17,415.519989013672
2021-05-18,411.940002441406
2021-05-19,410.859985351563
2021-05-20,415.279998779297
2021-05-21,414.940002441406
2021-05-24,419.170013427734
2021-05-25,418.239990234375
2021-05-26,419.070007324219
2021-05-27,419.290008544922
2021-05-28,420.040008544922
2021-06-01,419.670013427734
2021-06-02,420.329986572266
2021-06-03,418.769989013672
2021-06-04,422.600006103516
2021-06-07,422.190002441406
2021-06-08,422.279998779297
2021-06-09,421.649993896484
2021-06-10,423.609985351563
2021-06-11,424.309997558594
2021-06-14,425.260009765625
2021-06-15,424.480010986328
2021-06-16,422.109985351563
2021-06-17,421.970001220703
2021-06-18,414.920013427734
2021-06-21,420.859985351563
2021-06-22,423.109985351563
2021-06-23,422.600006103516
2021-06-24,425.100006103516
2021-06-25,426.609985351563
2021-06-28,427.470001220703
2021-06-29,427.700012207031
2021-06-30,428.059997558594
2021-07-01,430.429992675781
2021-07-02,433.720001220703
2021-07-06,432.929992675781
2021-07-07,434.459991455078
2021-07-08,430.920013427734
2021-07-09,435.519989013672
2021-07-12,437.079986572266
2021-07-13,435.589996337891
2021-07-14,436.239990234375
2021-07-15,434.75
2021-07-16,431.339996337891
2021-07-19,424.970001220703
2021-07-20,431.059997558594
2021-07-21,434.549987792969
2021-07-22,435.459991455078
2021-07-23,439.940002441406
2021-07-26,441.019989013672
2021-07-27,439.010009765625
2021-07-28,438.829986572266
2021-07-29,440.649993896484
2021-07-30,438.510009765625
2021-08-02,437.589996337891
2021-08-03,441.149993896484
2021-08-04,438.980010986328
2021-08-05,441.760009765625
2021-08-06,442.489990234375
2021-08-09,442.130004882813
2021-08-10,442.679992675781
2021-08-11,443.779998779297
2021-08-12,445.109985351563
2021-08-13,445.920013427734
2021-08-16,446.970001220703
2021-08-17,444.040008544922
2021-08-18,439.179992675781
2021-08-19,439.859985351563
2021-08-20,443.359985351563
2021-08-23,447.260009765625
2021-08-24,447.970001220703
2021-08-25,448.910003662109
2021-08-26,446.260009765625
2021-08-27,450.25
2021-08-30,452.230010986328
2021-08-31,451.559997558594
2021-09-01,451.799987792969
2021-09-02,453.190002441406
2021-09-03,453.079986572266
2021-09-07,451.459991455078
2021-09-08,450.910003662109
2021-09-09,448.980010986328
2021-09-10,445.440002441406
2021-09-13,446.579986572266
2021-09-14,444.170013427734
2021-09-15,447.880004882813
2021-09-16,447.170013427734
2021-09-17,441.399993896484
2021-09-20,434.040008544922
2021-09-21,433.630004882813
2021-09-22,437.859985351563
2021-09-23,443.179992675781
2021-09-24,443.910003662109
2021-09-27,442.640014648438
2021-09-28,433.720001220703
2021-09-29,434.450012207031
2021-09-30,429.140014648438
2021-10-01,434.239990234375
2021-10-04,428.640014648438
2021-10-05,433.100006103516
2021-10-06,434.899993896484
2021-10-07,438.660003662109
2021-10-08,437.859985351563
2021-10-11,434.690002441406
2021-10-12,433.619995117188
2021-10-13,435.179992675781
2021-10-14,442.5
2021-10-15,445.869995117188
2021-10-18,447.190002441406
2021-10-19,450.640014648438
2021-10-20,452.410003662109
2021-10-21,453.589996337891
2021-10-22,453.119995117188
2021-10-25,455.549987792969
2021-10-26,455.959991455078
2021-10-27,453.940002441406
2021-10-28,458.320007324219
2021-10-29,459.25
2021-11-01,460.040008544922
2021-11-02,461.899993896484
2021-11-03,464.720001220703
2021-11-04,466.910003662109
2021-11-05,468.529998779297
2021-11-08,468.929992675781
2021-11-09,467.380004882813
2021-11-10,463.619995117188
2021-11-11,463.769989013672
2021-11-12,467.269989013672
2021-11-15,467.429992675781
2021-11-16,469.279998779297
2021-11-17,468.140014648438
2021-11-18,469.730010986328
2021-11-19,468.890014648438
2021-11-22,467.570007324219
2021-11-23,468.190002441406
2021-11-24,469.440002441406
2021-11-26,458.970001220703
2021-11-29,464.600006103516
2021-11-30,455.559997558594
2021-12-01,450.5
2021-12-02,457.399993896484
2021-12-03,453.420013427734
2021-12-06,458.790008544922
2021-12-07,468.279998779297
2021-12-08,469.519989013672
2021-12-09,466.350006103516
2021-12-10,470.739990234375
2021-12-13,466.570007324219
2021-12-14,463.359985351563
2021-12-15,470.600006103516
2021-12-16,466.450012207031
2021-12-17,459.869995117188
2021-12-20,454.980010986328
2021-12-21,463.059997558594
2021-12-22,467.690002441406
2021-12-23,470.600006103516
2021-12-27,477.260009765625
2021-12-28,476.869995117188
2021-12-29,477.480010986328
2021-12-30,476.160003662109
2021-12-31,474.959991455078
2022-01-03,477.709991455078
2022-01-04,477.549987792969
2022-01-05,468.380004882813
2022-01-06,467.940002441406
2022-01-07,466.089996337891
2022-01-10,465.510009765625
2022-01-11,469.75
2022-01-12,471.019989013672
2022-01-13,464.529998779297
2022-01-14,464.720001220703
2022-01-18,456.489990234375
2022-01-19,451.75
2022-01-20,446.75
2022-01-21,437.980010986328
2022-01-24,439.839996337891
2022-01-25,434.470001220703
2022-01-26,433.380004882813
2022-01-27,431.239990234375
2022-01-28,441.950012207031
2022-01-31,449.910003662109
2022-02-01,452.950012207031
2022-02-02,457.350006103516
2022-02-03,446.600006103516
2022-02-04,448.700012207031
2022-02-07,447.260009765625
2022-02-08,450.940002441406
2022-02-09,457.540008544922
2022-02-10,449.320007324219
2022-02-11,440.459991455078
2022-02-14,439.019989013672
2022-02-15,446.100006103516
2022-02-16,446.600006103516
2022-02-17,437.059997558594
2022-02-18,434.230010986328
2022-02-22,429.570007324219
2022-02-23,421.950012207031
2022-02-24,428.299987792969
2022-02-25,437.75
2022-02-28,436.630004882813
2022-03-01,429.980010986328
2022-03-02,437.890014648438
2022-03-03,435.709991455078
2022-03-04,432.170013427734
2022-03-07,419.429992675781
2022-03-08,416.25
2022-03-09,427.410003662109
2022-03-10,425.480010986328
2022-03-11,420.070007324219
2022-03-14,417
2022-03-15,426.170013427734
2022-03-16,435.619995117188
2022-03-17,441.070007324219
2022-03-18,444.519989013672
2022-03-21,444.390014648438
2022-03-22,449.589996337891
2022-03-23,443.799987792969
2022-03-24,450.489990234375
2022-03-25,452.690002441406
2022-03-28,455.910003662109
2022-03-29,461.549987792969
2022-03-30,458.700012207031
2022-03-31,451.640014648438
2022-04-01,452.920013427734
2022-04-04,456.799987792969
2022-04-05,451.029998779297
2022-04-06,446.519989013672
2022-04-07,448.769989013672
2022-04-08,447.570007324219
2022-04-11,439.920013427734
2022-04-12,438.290008544922
2022-04-13,443.309997558594
2022-04-14,437.790008544922
2022-04-18,437.970001220703
2022-04-19,445.040008544922
2022-04-20,444.709991455078
2022-04-21,438.059997558594
2022-04-22,426.040008544922
2022-04-25,428.510009765625
2022-04-26,416.100006103516
2022-04-27,417.269989013672
2022-04-28,427.809997558594
2022-04-29,412
2022-05-02,414.480010986328
2022-05-03,416.380004882813
2022-05-04,429.059997558594
2022-05-05,413.809997558594
2022-05-06,411.339996337891
2022-05-09,398.170013427734
2022-05-10,399.089996337891
2022-05-11,392.75
2022-05-12,392.339996337891
2022-05-13,401.720001220703
2022-05-16,400.089996337891
2022-05-17,408.320007324219
2022-05-18,391.859985351563
2022-05-19,389.459991455078
2022-05-20,389.630004882813
2022-05-23,396.920013427734
2022-05-24,393.890014648438
2022-05-25,397.369995117188
2022-05-26,405.309997558594
2022-05-27,415.260009765625
2022-05-31,412.929992675781
2022-06-01,409.589996337891
2022-06-02,417.390014648438
2022-06-03,410.540008544922
2022-06-06,411.790008544922
2022-06-07,415.739990234375
2022-06-08,411.220001220703
2022-06-09,401.440002441406
2022-06-10,389.799987792969
2022-06-13,375
2022-06-14,373.869995117188
2022-06-15,379.200012207031
2022-06-16,366.649993896484
2022-06-17,365.859985351563
2022-06-21,375.070007324219
2022-06-22,374.390014648438
2022-06-23,378.059997558594
2022-06-24,390.079986572266
2022-06-27,388.589996337891
2022-06-28,380.649993896484
2022-06-29,380.339996337891
2022-06-30,377.25
2022-07-01,381.239990234375
2022-07-05,381.959991455078
2022-07-06,383.25
2022-07-07,388.989990234375
2022-07-08,388.670013427734
2022-07-11,384.230010986328
2022-07-12,380.829986572266
2022-07-13,378.829986572266
2022-07-14,377.910003662109
2022-07-15,385.130004882813
2022-07-18,381.950012207031
2022-07-19,392.269989013672
2022-07-20,394.769989013672
2022-07-21,398.790008544922
2022-07-22,395.089996337891
2022-07-25,395.570007324219
2022-07-26,390.890014648438
2022-07-27,401.040008544922
2022-07-28,406.070007324219
2022-07-29,411.989990234375
2022-08-01,410.769989013672
2022-08-02,408.059997558594
2022-08-03,414.450012207031
2022-08-04,414.170013427734
2022-08-05,413.470001220703
2022-08-08,412.989990234375
2022-08-09,411.350006103516
2022-08-10,419.989990234375
2022-08-11,419.989990234375
2022-08-12,427.100006103516
2022-08-15,428.859985351563
2022-08-16,429.700012207031
2022-08-17,426.649993896484
2022-08-18,427.890014648438
2022-08-19,422.140014648438
2022-08-22,413.350006103516
2022-08-23,412.350006103516
2022-08-24,413.670013427734
2022-08-25,419.510009765625
2022-08-26,405.309997558594
2022-08-29,402.630004882813
2022-08-30,398.209991455078
2022-08-31,395.179992675781
2022-09-01,396.420013427734
2022-09-02,392.239990234375
2022-09-06,390.760009765625
2022-09-07,397.779998779297
2022-09-08,400.380004882813
2022-09-09,406.600006103516
2022-09-12,410.970001220703
2022-09-13,393.100006103516
2022-09-14,394.600006103516
2022-09-15,390.119995117188
2022-09-16,385.559997558594
2022-09-19,388.549987792969
2022-09-20,384.089996337891
2022-09-21,377.390014648438
2022-09-22,374.220001220703
2022-09-23,367.950012207031
2022-09-26,364.309997558594
2022-09-27,363.380004882813
2022-09-28,370.529998779297
2022-09-29,362.790008544922
2022-09-30,357.179992675781
2022-10-03,366.609985351563
2022-10-04,377.970001220703
2022-10-05,377.089996337891
2022-10-06,373.200012207031
2022-10-07,362.790008544922
2022-10-10,360.019989013672
2022-10-11,357.739990234375
2022-10-12,356.559997558594
2022-10-13,365.970001220703
2022-10-14,357.630004882813
2022-10-17,366.820007324219
2022-10-18,371.130004882813
2022-10-19,368.5
2022-10-20,365.410003662109
2022-10-21,374.290008544922
2022-10-24,378.869995117188
2022-10-25,384.920013427734
2022-10-26,382.019989013672
2022-10-27,379.980010986328
2022-10-28,389.019989013672
2022-10-31,386.209991455078
2022-11-01,384.519989013672
2022-11-02,374.869995117188
2022-11-03,371.010009765625
2022-11-04,376.350006103516
2022-11-07,379.950012207031
2022-11-08,382
2022-11-09,374.130004882813
2022-11-10,394.690002441406
2022-11-11,398.510009765625
2022-11-14,395.119995117188
2022-11-15,398.489990234375
2022-11-16,395.450012207031
2022-11-17,394.239990234375
2022-11-18,396.029998779297
2022-11-21,394.589996337891
2022-11-22,399.899993896484
2022-11-23,402.420013427734
2022-11-25,402.329986572266
2022-11-28,395.910003662109
2022-11-29,395.230010986328
2022-11-30,407.679992675781
2022-12-01,407.380004882813
2022-12-02,406.910003662109
2022-12-05,399.589996337891
2022-12-06,393.829986572266
2022-12-07,393.160003662109
2022-12-08,396.239990234375
2022-12-09,393.279998779297
2022-12-12,398.950012207031
2022-12-13,401.970001220703
2022-12-14,399.399993896484
2022-12-15,389.630004882813
2022-12-16,383.269989013672
2022-12-19,380.019989013672
2022-12-20,380.540008544922
2022-12-21,386.230010986328
2022-12-22,380.720001220703
2022-12-23,382.910003662109
2022-12-27,381.399993896484
2022-12-28,376.660003662109
2022-12-29,383.440002441406
2022-12-30,382.429992675781
2023-01-03,380.820007324219
2023-01-04,383.760009765625
2023-01-05,379.380004882813
2023-01-06,388.079986572266
2023-01-09,387.859985351563
2023-01-10,390.579986572266
2023-01-11,395.519989013672
2023-01-12,396.959991455078
2023-01-13,398.5
2023-01-17,397.769989013672
2023-01-18,391.489990234375
2023-01-19,388.640014648438
2023-01-20,395.880004882813
2023-01-23,400.630004882813
2023-01-24,400.200012207031
2023-01-25,400.350006103516
2023-01-26,404.75
2023-01-27,405.679992675781
2023-01-30,400.589996337891
2023-01-31,406.480010986328
2023-02-01,410.799987792969
2023-02-02,416.779998779297
2023-02-03,412.350006103516
2023-02-06,409.829986572266
2023-02-07,415.190002441406
2023-02-08,410.649993896484
2023-02-09,407.089996337891
2023-02-10,408.040008544922
2023-02-13,412.829986572266
2023-02-14,412.640014648438
2023-02-15,413.980010986328
2023-02-16,408.279998779297
2023-02-17,407.260009765625
2023-02-21,399.089996337891
2023-02-22,398.540008544922
2023-02-23,400.660003662109
2023-02-24,396.380004882813
2023-02-27,397.730010986328
2023-02-28,396.260009765625
2023-03-01,394.739990234375
2023-03-02,397.809997558594
2023-03-03,404.190002441406
2023-03-06,404.470001220703
2023-03-07,398.269989013672
2023-03-08,398.920013427734
2023-03-09,391.559997558594
2023-03-10,385.910003662109
2023-03-13,385.359985351563
2023-03-14,391.730010986328
2023-03-15,389.279998779297
2023-03-16,396.109985351563
2023-03-17,389.989990234375
2023-03-20,393.739990234375
2023-03-21,398.910003662109
2023-03-22,392.109985351563
2023-03-23,393.170013427734
2023-03-24,395.75
2023-03-27,396.489990234375
2023-03-28,395.600006103516
2023-03-29,401.350006103516
2023-03-30,403.700012207031
2023-03-31,409.390014648438
2023-04-03,410.950012207031
2023-04-04,408.670013427734
2023-04-05,407.600006103516
2023-04-06,409.190002441406
2023-04-10,409.609985351563
2023-04-11,409.720001220703
2023-04-12,408.049987792969
2023-04-13,413.470001220703
2023-04-14,412.459991455078
2023-04-17,413.940002441406
2023-04-18,414.209991455078
2023-04-19,414.140014648438
2023-04-20,411.880004882813
2023-04-21,412.200012207031
2023-04-24,412.630004882813
2023-04-25,406.079986572266
2023-04-26,404.359985351563
2023-04-27,412.410003662109
2023-04-28,415.929992675781
2023-05-01,415.510009765625
2023-05-02,410.839996337891
2023-05-03,408.019989013672
2023-05-04,405.130004882813
2023-05-05,412.630004882813
2023-05-08,412.739990234375
2023-05-09,410.929992675781
2023-05-10,412.850006103516
2023-05-11,412.130004882813
2023-05-12,411.589996337891
2023-05-15,413.010009765625
2023-05-16,410.25
2023-05-17,415.230010986328
2023-05-18,419.230010986328
2023-05-19,418.619995117188
2023-05-22,418.790008544922
2023-05-23,414.089996337891
2023-05-24,411.089996337891
2023-05-25,414.649993896484
2023-05-26,420.019989013672
2023-05-30,420.179992675781
2023-05-31,417.850006103516
2023-06-01,421.820007324219
2023-06-02,427.920013427734
2023-06-05,427.100006103516
2023-06-06,428.029998779297
2023-06-07,426.549987792969
2023-06-08,429.130004882813
2023-06-09,429.899993896484
2023-06-12,433.799987792969
2023-06-13,436.660003662109
2023-06-14,437.179992675781
2023-06-15,442.600006103516
2023-06-16,439.459991455078
2023-06-20,437.179992675781
2023-06-21,434.940002441406
2023-06-22,436.510009765625
2023-06-23,433.209991455078
2023-06-26,431.440002441406
2023-06-27,436.170013427734
2023-06-28,436.390014648438
2023-06-29,438.109985351563
2023-06-30,443.279998779297
2023-07-03,443.790008544922
2023-07-05,443.130004882813
2023-07-06,439.660003662109
2023-07-07,438.549987792969
2023-07-10,439.660003662109
2023-07-11,442.459991455078
2023-07-12,446.019989013672
2023-07-13,449.559997558594
2023-07-14,449.279998779297
2023-07-17,450.839996337891
2023-07-18,454.190002441406
2023-07-19,455.200012207031
2023-07-20,452.179992675781
2023-07-21,452.179992675781
2023-07-24,454.200012207031
2023-07-25,455.440002441406
2023-07-26,455.510009765625
2023-07-27,452.489990234375
2023-07-28,456.920013427734
2023-07-31,457.790008544922
2023-08-01,456.480010986328
2023-08-02,450.130004882813
2023-08-03,448.839996337891
2023-08-04,446.809997558594
2023-08-07,450.709991455078
2023-08-08,448.75
2023-08-09,445.75
2023-08-10,445.910003662109
2023-08-11,445.649993896484
2023-08-14,448.109985351563
2023-08-15,442.890014648438
2023-08-16,439.640014648438
2023-08-17,436.290008544922
2023-08-18,436.5
2023-08-21,439.339996337891
2023-08-22,438.149993896484
2023-08-23,443.029998779297
2023-08-24,436.890014648438
2023-08-25,439.970001220703
2023-08-28,442.760009765625
2023-08-29,449.160003662109
2023-08-30,451.010009765625
2023-08-31,450.350006103516
2023-09-01,451.190002441406
2023-09-05,449.239990234375
2023-09-06,446.220001220703
2023-09-07,444.850006103516
2023-09-08,445.519989013672
2023-09-11,448.450012207031
2023-09-12,445.989990234375
2023-09-13,446.510009765625
2023-09-14,450.359985351563
2023-09-15,443.369995117188
2023-09-18,443.630004882813
2023-09-19,442.709991455078
2023-09-20,438.640014648438
2023-09-21,431.390014648438
2023-09-22,430.420013427734
2023-09-25,432.230010986328
2023-09-26,425.880004882813
2023-09-27,426.049987792969
2023-09-28,428.519989013672
2023-09-29,427.480010986328
2023-10-02,427.309997558594
2023-10-03,421.589996337891
2023-10-04,424.660003662109
2023-10-05,424.5
2023-10-06,429.540008544922
2023-10-09,432.290008544922
2023-10-10,434.540008544922
2023-10-11,436.320007324219
2023-10-12,433.660003662109
2023-10-13,431.5
2023-10-16,436.040008544922
2023-10-17,436.019989013672
2023-10-18,430.209991455078
2023-10-19,426.429992675781
2023-10-20,421.190002441406
2023-10-23,420.459991455078
2023-10-24,423.630004882813
2023-10-25,417.549987792969
2023-10-26,412.549987792969
2023-10-27,410.679992675781
2023-10-30,415.589996337891
2023-10-31,418.200012207031
2023-11-01,422.660003662109
2023-11-02,430.760009765625
2023-11-03,434.690002441406
2023-11-06,435.690002441406
2023-11-07,436.929992675781
2023-11-08,437.25
2023-11-09,433.839996337891
2023-11-10,440.609985351563
2023-11-13,440.190002441406
2023-11-14,448.730010986328
2023-11-15,449.679992675781
2023-11-16,450.230010986328
2023-11-17,450.790008544922
2023-11-20,454.260009765625
2023-11-21,453.269989013672
2023-11-22,455.019989013672
2023-11-24,455.299987792969
2023-11-27,454.480010986328
2023-11-28,454.929992675781
2023-11-29,454.609985351563
2023-11-30,456.399993896484
2023-12-01,459.100006103516
2023-12-04,456.690002441406
2023-12-05,456.600006103516
2023-12-06,454.760009765625
2023-12-07,458.230010986328
2023-12-08,460.200012207031
2023-12-11,461.989990234375
2023-12-12,464.100006103516
2023-12-13,470.5
2023-12-14,472.010009765625
2023-12-15,469.329986572266
2023-12-18,471.970001220703
2023-12-19,474.839996337891
2023-12-20,468.260009765625
2023-12-21,472.700012207031
2023-12-22,473.649993896484
2023-12-26,475.649993896484
2023-12-27,476.510009765625
2023-12-28,476.690002441406
2023-12-29,475.309997558594
2024-01-02,472.649993896484
2024-01-03,468.790008544922
2024-01-04,467.279998779297
2024-01-05,467.920013427734
2024-01-08,474.600006103516
2024-01-09,473.880004882813
2024-01-10,476.559997558594
2024-01-11,476.350006103516
2024-01-12,476.679992675781
2024-01-16,474.929992675781
2024-01-17,472.290008544922
2024-01-18,476.489990234375
2024-01-19,482.429992675781
2024-01-22,483.450012207031
2024-01-23,484.859985351563
2024-01-24,485.390014648438
2024-01-25,488.029998779297
2024-01-26,487.410003662109
2024-01-29,491.269989013672
2024-01-30,490.890014648438
2024-01-31,482.880004882813
2024-02-01,489.200012207031
2024-02-02,494.350006103516
2024-02-05,492.549987792969
2024-02-06,493.980010986328
2024-02-07,498.100006103516
2024-02-08,498.320007324219
2024-02-09,501.200012207031
2024-02-12,500.980010986328
2024-02-13,494.079986572266
2024-02-14,498.570007324219
2024-02-15,502.010009765625
2024-02-16,499.510009765625
2024-02-20,496.760009765625
2024-02-21,497.209991455078
2024-02-22,507.5
2024-02-23,507.850006103516
2024-02-26,505.989990234375
2024-02-27,506.929992675781
2024-02-28,506.260009765625
2024-02-29,508.079986572266
2024-03-01,512.849975585938
2024-03-04,512.299987792969
2024-03-05,507.179992675781
2024-03-06,509.75
2024-03-07,514.809997558594
2024-03-08,511.720001220703
2024-03-11,511.279998779297
2024-03-12,516.780029296875
2024-03-13,515.969970703125
2024-03-14,514.950012207031
2024-03-15,509.829986572266
2024-03-18,512.859985351563
2024-03-19,515.710021972656
2024-03-20,520.47998046875
2024-03-21,522.200012207031
2024-03-22,521.210021972656
2024-03-25,519.77001953125
2024-03-26,518.809997558594
2024-03-27,523.169982910156
2024-03-28,523.070007324219
2024-04-01,522.159973144531
2024-04-02,518.840026855469
2024-04-03,519.409973144531
2024-04-04,513.070007324219
2024-04-05,518.429992675781
2024-04-08,518.719970703125
2024-04-09,519.320007324219
2024-04-10,514.119995117188
2024-04-11,518
2024-04-12,510.850006103516
2024-04-15,504.450012207031
2024-04-16,503.529998779297
2024-04-17,500.549987792969
2024-04-18,499.519989013672
2024-04-19,495.160003662109
2024-04-22,499.720001220703
2024-04-23,505.649993896484
2024-04-24,505.410003662109
2024-04-25,503.489990234375
2024-04-26,508.260009765625
2024-04-29,510.059997558594
2024-04-30,501.980010986328
2024-05-01,500.350006103516
2024-05-02,505.029998779297
2024-05-03,511.290008544922
2024-05-06,516.570007324219
2024-05-07,517.140014648438
2024-05-08,517.190002441406
2024-05-09,520.169982910156
2024-05-10,520.840026855469
2024-05-13,520.909973144531
2024-05-14,523.299987792969
2024-05-15,529.780029296875
2024-05-16,528.690002441406
2024-05-17,529.450012207031
2024-05-20,530.059997558594
2024-05-21,531.359985351563
2024-05-22,529.830017089844
2024-05-23,525.960021972656
2024-05-24,529.440002441406
2024-05-28,529.809997558594
2024-05-29,526.099975585938
2024-05-30,522.609985351563
2024-05-31,527.369995117188
2024-06-03,527.799987792969
2024-06-04,528.390014648438
2024-06-05,534.669982910156
2024-06-06,534.659973144531
2024-06-07,534.010009765625
2024-06-10,535.659973144531
2024-06-11,536.950012207031
2024-06-12,541.359985351563
2024-06-13,542.450012207031
2024-06-14,542.780029296875
2024-06-17,547.099975585938
2024-06-18,548.489990234375
2024-06-20,547
2024-06-21,544.510009765625
2024-06-24,542.739990234375
2024-06-25,544.830017089844
2024-06-26,545.510009765625
2024-06-27,546.369995117188
2024-06-28,544.219970703125
2024-07-01,545.340026855469
2024-07-02,549.010009765625
2024-07-03,551.460021972656
2024-07-05,554.640014648438
2024-07-08,555.280029296875
2024-07-09,555.820007324219
2024-07-10,561.320007324219
2024-07-11,556.47998046875
2024-07-12,559.989990234375
2024-07-15,561.530029296875
2024-07-16,564.859985351563
2024-07-17,556.940002441406
2024-07-18,552.659973144531
2024-07-19,548.989990234375
2024-07-22,554.650024414063
2024-07-23,553.780029296875
2024-07-24,541.22998046875
2024-07-25,538.409973144531
2024-07-26,544.440002441406
2024-07-29,544.760009765625
2024-07-30,542
2024-07-31,550.809997558594
2024-08-01,543.010009765625
2024-08-02,532.900024414063
2024-08-05,517.380004882813
2024-08-06,522.150024414063
2024-08-07,518.659973144531
2024-08-08,530.650024414063
2024-08-09,532.989990234375
2024-08-12,533.27001953125
2024-08-13,542.039978027344
2024-08-14,543.75
2024-08-15,553.070007324219
2024-08-16,554.309997558594
2024-08-19,559.609985351563
2024-08-20,558.700012207031
2024-08-21,560.619995117188
2024-08-22,556.219970703125
2024-08-23,562.130004882813
2024-08-26,560.789978027344
2024-08-27,561.559997558594
2024-08-28,558.299987792969
2024-08-29,558.349975585938
2024-08-30,563.679992675781
2024-09-03,552.080017089844
2024-09-04,550.950012207031
2024-09-05,549.609985351563
2024-09-06,540.359985351563
2024-09-09,546.409973144531
2024-09-10,548.789978027344
2024-09-11,554.419982910156
2024-09-12,559.090026855469
2024-09-13,562.010009765625
2024-09-16,562.840026855469
2024-09-17,563.070007324219
2024-09-18,561.400024414063
2024-09-19,570.97998046875
2024-09-20,568.25
2024-09-23,569.669982910156
2024-09-24,571.299987792969
2024-09-25,570.039978027344
2024-09-26,572.299987792969
2024-09-27,571.469970703125
2024-09-30,573.760009765625
2024-10-01,568.619995117188
2024-10-02,568.859985351563
2024-10-03,567.820007324219
2024-10-04,572.97998046875
2024-10-07,567.799987792969
2024-10-08,573.169982910156
2024-10-09,577.140014648438
2024-10-10,576.130004882813
2024-10-11,579.580017089844
2024-10-14,584.320007324219
2024-10-15,579.780029296875
2024-10-16,582.299987792969
2024-10-17,582.349975585938
2024-10-18,584.590026855469
2024-10-21,583.630004882813
2024-10-22,583.320007324219
2024-10-23,577.989990234375
2024-10-24,579.239990234375
2024-10-25,579.039978027344
2024-10-28,580.830017089844
2024-10-29,581.77001953125
2024-10-30,580.010009765625
2024-10-31,568.640014648438
2024-11-01,571.039978027344
2024-11-04,569.809997558594
2024-11-05,576.700012207031
2024-11-06,591.039978027344
2024-11-07,595.609985351563
2024-11-08,598.190002441406
2024-11-11,598.760009765625
2024-11-12,596.900024414063
2024-11-13,597.190002441406
2024-11-14,593.349975585938
2024-11-15,585.75
2024-11-18,588.150024414063
2024-11-19,590.299987792969
2024-11-20,590.5
2024-11-21,593.669982910156
2024-11-22,595.510009765625
2024-11-25,597.530029296875
2024-11-26,600.650024414063
2024-11-27,598.830017089844
2024-11-29,602.549987792969
2024-12-02,603.630004882813
2024-12-03,603.909973144531
2024-12-04,607.659973144531
2024-12-05,606.659973144531
2024-12-06,607.809997558594
2024-12-09,604.679992675781
2024-12-10,602.799987792969
2024-12-11,607.460021972656
2024-12-12,604.330017089844
2024-12-13,604.210021972656
2024-12-16,606.789978027344
2024-12-17,604.289978027344
2024-12-18,586.280029296875
2024-12-19,586.099975585938
2024-12-20,591.150024414063
2024-12-23,594.690002441406
2024-12-24,601.299987792969
2024-12-26,601.340026855469
2024-12-27,595.010009765625
2024-12-30,588.219970703125
2024-12-31,586.080017089844
2025-01-02,584.640014648438
2025-01-03,591.950012207031
2025-01-06,595.359985351563
2025-01-07,588.630004882813
2025-01-08,589.489990234375
2025-01-10,580.489990234375
2025-01-13,581.390014648438
2025-01-14,582.190002441406
2025-01-15,592.780029296875
2025-01-16,591.640014648438
2025-01-17,597.580017089844
2025-01-21,603.049987792969
2025-01-22,606.440002441406
2025-01-23,609.75
2025-01-24,607.969970703125
2025-01-27,599.369995117188
2025-01-28,604.52001953125
2025-01-29,601.809997558594
2025-01-30,605.039978027344
2025-01-31,601.820007324219
2025-02-03,597.77001953125
2025-02-04,601.780029296875
2025-02-05,604.219970703125
2025-02-06,606.320007324219
2025-02-07,600.77001953125
2025-02-10,604.849975585938
2025-02-11,605.309997558594
2025-02-12,603.359985351563
2025-02-13,609.72998046875
2025-02-14,609.700012207031
2025-02-18,611.489990234375
2025-02-19,612.929992675781
2025-02-20,610.380004882813
2025-02-21,599.940002441406
2025-02-24,597.210021972656
2025-02-25,594.239990234375
2025-02-26,594.539978027344
2025-02-27,585.049987792969
2025-02-28,594.179992675781
2025-03-03,583.77001953125
2025-03-04,576.859985351563
2025-03-05,583.059997558594
2025-03-06,572.710021972656
2025-03-07,575.919982910156
2025-03-10,560.580017089844
2025-03-11,555.919982910156
2025-03-12,558.869995117188
2025-03-13,551.419982910156
2025-03-14,562.809997558594
2025-03-17,567.150024414063
2025-03-18,561.02001953125
2025-03-19,567.130004882813
2025-03-20,565.489990234375
2025-03-21,563.97998046875
2025-03-24,574.080017089844
2025-03-25,575.460021972656
2025-03-26,568.590026855469
2025-03-27,567.080017089844
2025-03-28,555.659973144531
2025-03-31,559.390014648438
2025-04-01,560.969970703125
2025-04-02,564.52001953125
2025-04-03,536.700012207031
2025-04-04,505.279998779297
2025-04-07,504.380004882813
2025-04-08,496.480010986328
2025-04-09,548.619995117188
2025-04-10,524.580017089844
2025-04-11,533.940002441406
2025-04-14,539.119995117188
2025-04-15,537.609985351563
2025-04-16,525.659973144531
2025-04-17,526.409973144531
2025-04-21,513.880004882813
2025-04-22,527.25
2025-04-23,535.419982910156
2025-04-24,546.690002441406
2025-04-25,550.640014648438
2025-04-28,550.849975585938
2025-04-29,554.320007324219
2025-04-30,554.539978027344
2025-05-01,558.469970703125
2025-05-02,566.760009765625
2025-05-05,563.510009765625
2025-05-06,558.799987792969
2025-05-07,561.150024414063
2025-05-08,565.059997558594
2025-05-09,564.340026855469
2025-05-12,582.989990234375
2025-05-13,586.840026855469
2025-05-14,587.590026855469
2025-05-15,590.460021972656
2025-05-16,594.200012207031
2025-05-19,594.849975585938
2025-05-20,592.849975585938
2025-05-21,582.859985351563
2025-05-22,583.090026855469
2025-05-23,579.109985351563
2025-05-27,591.150024414063
2025-05-28,587.72998046875
2025-05-29,590.049987792969
2025-05-30,589.390014648438
2025-06-02,592.710021972656
2025-06-03,596.090026855469
2025-06-04,595.929992675781
2025-06-05,593.049987792969
2025-06-06,599.140014648438
2025-06-09,599.679992675781
2025-06-10,603.080017089844
2025-06-11,601.359985351563
2025-06-12,603.75
2025-06-13,597
2025-06-16,602.679992675781
2025-06-17,597.530029296875
2025-06-18,597.440002441406
2025-06-20,594.280029296875
2025-06-23,600.150024414063
2025-06-24,606.780029296875
2025-06-25,607.119995117188
2025-06-26,611.869995117188
2025-06-27,614.909973144531
2025-06-30,617.849975585938
2025-07-01,617.650024414063
2025-07-02,620.450012207031
2025-07-03,625.340026855469
2025-07-07,620.679992675781
2025-07-08,620.340026855469
2025-07-09,624.059997558594
2025-07-10,625.820007324219
2025-07-11,623.619995117188
2025-07-14,624.809997558594
2025-07-15,622.140014648438
2025-07-16,624.219970703125
2025-07-17,628.039978027344
2025-07-18,627.580017089844
2025-07-21,628.77001953125
2025-07-22,628.859985351563
2025-07-23,634.210021972656
2025-07-24,634.419982910156
2025-07-25,637.099975585938
2025-07-28,636.940002441406
2025-07-29,635.260009765625
2025-07-30,634.460021972656
2025-07-31,632.080017089844
2025-08-01,621.719970703125
2025-08-04,631.169982910156
2025-08-05,627.969970703125
2025-08-06,632.780029296875
2025-08-07,632.25
2025-08-08,637.179992675781
2025-08-11,635.919982910156
2025-08-12,642.690002441406
2025-08-13,644.890014648438
2025-08-14,644.950012207031
2025-08-15,643.440002441406
2025-08-18,643.299987792969
2025-08-19,639.809997558594
2025-08-20,638.109985351563
2025-08-21,635.549987792969
2025-08-22,645.309997558594
2025-08-25,642.469970703125
2025-08-26,645.159973144531
2025-08-27,646.630004882813
2025-08-28,648.919982910156
2025-08-29,645.049987792969
2025-09-02,640.27001953125
2025-09-03,643.739990234375
2025-09-04,649.119995117188
2025-09-05,647.239990234375
2025-09-08,648.830017089844
2025-09-09,650.330017089844
2025-09-10,652.210021972656
2025-09-11,657.630004882813
2025-09-12,657.409973144531
2025-09-15,660.909973144531
2025-09-16,660
2025-09-17,659.179992675781
2025-09-18,662.260009765625
2025-09-19,663.700012207031
2025-09-22,666.840026855469
2025-09-23,663.210021972656
2025-09-24,661.099975585938
2025-09-25,658.049987792969
2025-09-26,661.820007324219
2025-09-29,663.679992675781
2025-09-30,666.179992675781
2025-10-01,668.450012207031
2025-10-02,669.219970703125
2025-10-03,669.210021972656
2025-10-06,671.609985351563
2025-10-07,669.119995117188
2025-10-08,673.109985351563
2025-10-09,671.159973144531
2025-10-10,653.02001953125
2025-10-13,663.039978027344
2025-10-14,662.22998046875
2025-10-15,665.169982910156
2025-10-16,660.640014648438
2025-10-17,664.390014648438
2025-10-20,671.299987792969
2025-10-21,671.289978027344
2025-10-22,667.799987792969
2025-10-23,671.760009765625
2025-10-24,677.25
2025-10-27,685.239990234375
2025-10-28,687.059997558594
2025-10-29,687.390014648438
2025-10-30,679.830017089844
2025-10-31,682.059997558594
2025-11-03,683.340026855469
2025-11-04,675.239990234375
2025-11-05,677.580017089844
2025-11-06,670.309997558594
2025-11-07,670.969970703125
2025-11-10,681.440002441406
2025-11-11,683
2025-11-12,683.380004882813
2025-11-13,672.039978027344
2025-11-14,671.929992675781
2025-11-17,665.669982910156
2025-11-18,660.080017089844
2025-11-19,662.630004882813
2025-11-20,652.530029296875
2025-11-21,659.030029296875
2025-11-24,668.72998046875
2025-11-25,675.02001953125
2025-11-26,679.679992675781
2025-11-28,683.390014648438
2025-12-01,680.27001953125
2025-12-02,681.530029296875
2025-12-03,683.890014648438
2025-12-04,684.390014648438
2025-12-05,685.690002441406
2025-12-08,683.630004882813
2025-12-09,683.039978027344
2025-12-10,687.570007324219
2025-12-11,689.169982910156
2025-12-12,681.760009765625
2025-12-15,680.72998046875
2025-12-16,678.869995117188
2025-12-17,671.400024414063
2025-12-18,676.469970703125
2025-12-19,680.590026855469
2025-12-22,684.830017089844
2025-12-23,687.960021972656
2025-12-24,690.380004882813
2025-12-26,690.309997558594
2025-12-29,687.849975585938
2025-12-30,687.010009765625
2025-12-31,681.919982910156
2026-01-02,683.169982910156
2026-01-05,687.719970703125
2026-01-06,691.809997558594
2026-01-07,689.580017089844
2026-01-08,689.510009765625
2026-01-09,694.070007324219
2026-01-12,695.159973144531
2026-01-13,693.77001953125
2026-01-14,690.359985351563
2026-01-15,692.239990234375
2026-01-16,691.659973144531
2026-01-20,677.580017089844
2026-01-21,685.400024414063
2026-01-22,688.97998046875
2026-01-23,689.22998046875
2026-01-26,692.72998046875
2026-01-27,695.489990234375
2026-01-28,695.419982910156
2026-01-29,694.039978027344
2026-01-30,691.969970703125
2026-02-02,695.409973144531
2026-02-03,689.530029296875
2026-02-04,686.190002441406
2026-02-05,677.619995117188
2026-02-06,690.619995117188
2026-02-09,693.950012207031
2026-02-10,692.119995117188
2026-02-11,691.960021972656
2026-02-12,681.27001953125
2026-02-13,681.75
2026-02-17,682.849975585938
2026-02-18,686.289978027344
2026-02-19,684.47998046875
2026-02-20,689.429992675781
2026-02-23,682.390014648438
2026-02-24,687.349975585938
2026-02-25,693.150024414063
2026-02-26,689.299987792969
2026-02-27,685.989990234375
2026-03-02,686.380004882813
2026-03-03,680.330017089844
2026-03-04,685.130004882813
2026-03-05,681.309997558594
2026-03-06,672.380004882813
2026-03-09,678.27001953125
2026-03-10,677.179992675781
2026-03-11,676.330017089844
2026-03-12,666.059997558594
2026-03-13,662.289978027344
2026-03-16,669.030029296875
2026-03-17,670.789978027344
2026-03-18,661.429992675781
2026-03-19,659.799987792969
2026-03-20,648.570007324219
2026-03-23,655.380004882813
2026-03-24,653.179992675781
2026-03-25,656.820007324219
2026-03-26,645.090026855469
2026-03-27,634.090026855469
2026-03-30,631.969970703125
2026-03-31,650.340026855469
2026-04-01,655.239990234375
2026-04-02,655.830017089844
